{"nodes":null,"selection":null,"view":{"scroll":{"x":-43.5000724792480469,"y":-153.000076293945312},"zoom":0.749999940395355225}}